Item,References,Value,Footprint,Quantity,LCSC_Part_Number,MFR_Part_Number,Description
1,"J1, J2, J4, J5",1-1734248-0,117342480,4,(We couldn’t find) ,1-1734248-0,"TE Connectivity 10-Pin 1mm ZIF FPC Connector, Vertical SMT"
2,"R12, R13",100kΩ,R0402,2,C124427,LMP7721MA/NOPB,100kΩ 0402 Precision Resistor
3,"R6, R10",100kΩ,R0603,2,C14675,RC0603FR-07100KL,100kΩ ±1% Resistor
4,"C1, C2, C3, C21, C27, C28, C34, C35, C36, C37, C38",100nF,C0603,11,C45000,GRM188R71C104KA01D,100nF 0603 X7R
5,"C12, C16",100nF,C0603,2,C45000,GRM188R71C104KA01D,100nF 16V X7R MLCC
6,"J4, J6",1053091202,CONN_SD-105309-100_02_MOL,2,C586233,1053091202,Wire To Board Connector
7,"R1, R2",10kΩ,R0603,2,C15401,0603WAJ0103T5E,10kΩ 0603
8,R9,10kΩ,R0603,1,C15401,0603WAJ0103T5E,10kΩ ±5% Resistor
9,"C6, C20, C22, C24",10uF,C0805,4,C440198,GRM21BR61H106KE43L,10µF 0805 X5R
10,"C11, C17, C18, C26, C36",10uF,C0805,5,C440198,GRM21BR61H106KE43L,10µF 50V X5R MLCC
11,C10,1uF,C0603,1,C1592,CL10A105KO8NNNC,1µF 16V X7R 0603
12,"C5, C37, C39",1uF,C0603,3,C1592,CL10A105KO8NNNC,1µF 16V X7R MLCC
13,R7,2.2Ω,R0402,1,C327251,RC0402FR-072R2L,2.2Ω 0402 Resistor
14,L1,2.7uH,IND-SMD_L7.5-W7.5_XAL7030,1,C5366402,XAL7030-272MEC,2.7µH 11.4A Power Inductor
15,"C13, C14, C15, C19, C23",22uF,C0805,5,C86816,GRM21BR61E226ME44L,22µF 25V X5R MLCC
16,SW1,2MS1T2B2VS2QES,SW-TH_2MS1T2B2VS2QES,1,C545202,2MS1T2B2VS2QES,SPDT Toggle Switch
17,C29,4.7uF,C0603,1,C1705,CL10A475KP8NNNC,4.7µF 10V X5R 0603
18,"C30, C31, C32, C33",470nF,C0402,4,C106255,CC0402KRX5R6BB474,470nF 10V X5R 0402
19,"C9, C25",470nF,C0603,2,C1623,CL10B474KA8NNNC,470nF 25V X7R MLCC
20,"R3, R4",5.5kΩ,R0805,2,C269748,RMC08055.1K1%N,5.1kΩ ±1% Resistor
21,J3,52610-1572,526101572,1,C7545775,52610-1572,"Molex FFC/FPC 15-Pin 1mm Pitch, 125V 1A, Vertical Slide Lock SMD ROHS"
22,J3,52610-1572,526101572,1,C7545775,52610-1572,Molex FFC/FPC Connector 15-Pin 1mm Pitch SMD
23,R8,680Ω,R0402,1,C413078,ERJ2RKF6800X,680Ω ±1% Resistor
24,"H2, H3",A2541WV-5P,HDR-TH_5P-P2.54-V-M,2,C225480,A2541WV-5P,1×5 2.54mm Pin Header
25,U4,AD5941BCPZ-RL7,LFCSP-48_L7.0-W7.0-P0.50-BL-EP5.1,1,C650309,AD5941BCPZ-RL7,Bioimpedance / Electrochemical AFE
26,U5,ADM7150ARDZ-3.3-R7,SOIC-8_L4.9-W3.9-P1.27-LS6.0-BL-EP3.1,1,C658444,ADM7150ARDZ-3.3-R7,3.3V 800mA Ultra-Low Noise LDO
27,L2,BLM18AG601SN1D,L0603,1,C19330,BLM18AG601SN1D,Ferrite Bead 600Ω @ 100MHz
28,U6,BM03B-SRSS-TB,CONN-SMD-3P-P1.00_BM03B-SRSS-TB-LF-SN,1,C160389,BM03B-SRSS-TB(LF)(SN),JST SH 3-Pin Connector
29,U1,ESP32-S3-MINI-1-N4R2,BULETM-SMD_ESP32-S3-MINI-1-N8,1,C19330,ESP32-S3-MINI-1-N4R2,ESP32-S3 Wi-Fi/BLE Module
30,LED1,FC-2012HRK-620D,LED0805-RD,1,C84256,NCD0805R1,Red Indicator LED
31,USB1,HC-TYPE-C-16P-01A-G,USB-C-SMD_G-SWITCH_GT-USB-7010EN,1,C2997435,HC-TYPE-C-16P-01A-G,USB Type-C Receptacle
32,H5,Header,HDR-TH_5P-P2.54-H-M-W7.7-P,1,C50950,,Male Header 1×5 2.54mm Through-hole
33,"H3, H4",Header-Female,HDR-TH_5P-P2.54-V-F,2,C60491,,Female Header 1×5 2.54mm Through-hole
34,U2,INA333AIDGKR,MSOP-8_L3.0-W3.0-P0.65-LS5.0-BL,1,C19450,INA333AIDGKR,Instrumentation Amplifier
35,"SW1, SW2",K2-1808SN-A4SW,KEY-SMD_4P-L4.2-W3.2-P2.20-LS5.1-TL,2,C92589,K2-1808SN-A4SW-01,Tactile Pushbutton
36,U9,LM61495Q5RPHRQ1_C3188409,VQFN-16_L4.5-W3.5-P0.50-TL_TI_RPH,1,C3188409,LM61495Q5RPHRQ1,36V 10A Buck Converter
37,"U11, U14",LMP7721MA/NOPB,SOIC-8_L4.9-W3.9-P1.27-LS6.0-BL,2,C124427,LMP7721MA/NOPB,Ultra-Low Bias Electrometer Op Amp
38,H1,MTP220-1102S1,HDR-TH_2P-P2.00-V-M,1,C376075,MTP220-1102S1,2-Pin Header
39,"D2, D3",SS54FL,SMAF_L3.5-W2.6-LS4.7-RD,2,C115939,SS54FL,5A 40V Schottky Diode
40,"U3, U5, U9",TMUX1104DGSR,VSSOP-10_L3.0-W3.0-P0.50-LS4.9-BL,3,C2879206,TMUX1104DGSR,4:1 Analog Switch
41,U3,TPD2E001DRYR,SON-6_L1.5-W1.0-P0.50-BL,1,C379992,TPD2E001DRYR,Dual-Channel USB ESD Protection
42,D1,TVS,SOD-523_L1.2-W0.8-LS1.6-BI,1,C383211,LESD5D5.0CT1G,5V Bidirectional TVS/ESD Diode
